source_block,source_keywords,source_support,predicted_targets,empirical_targets,top_target_overlap,comparison_k,actual_examples
150,"[""shares"", ""inc"", ""nasdaq"", ""nyse"", ""llc""]",25.01832554681224,"[{""block"": 150, ""probability"": 0.04225350439069734}, {""block"": 156, ""probability"": 0.021489495429242923}, {""block"": 42, ""probability"": 0.015413057320078846}, {""block"": 177, ""probability"": 0.014295081875429012}, {""block"": 161, ""probability"": 0.014064263822567131}]","[{""block"": 150, ""probability"": 0.020205411175567473, ""lift"": 1.1026777590393895}, {""block"": 156, ""probability"": 0.01428199720766235, ""lift"": 1.2040402310316183}, {""block"": 54, ""probability"": 0.012064812585043145, ""lift"": 1.01523615584798}, {""block"": 148, ""probability"": 0.01154218874198396, ""lift"": 0.9921746240224502}, {""block"": 177, ""probability"": 0.010452739753487894, ""lift"": 1.24467625794704}]",3,5,"[{""previous_date"": ""2025-04-06"", ""date"": ""2025-04-07"", ""source_block"": 150, ""target_block"": 150, ""pair_score"": 0.022723829722769276, ""previous_titles"": [""3M (NYSE:MMM) Position Trimmed by Cullen Capital Management LLC - Ticker Report。Cullen Capital Management LLC decreased its holdings in 3M (NYSE:MMM – Free Report) by 1.8% during the 4th quarter, according to the company in its most recent…"", ""Quadrant Capital Group LLC Increases Stock Position in Automatic Data Processing, Inc. (NASDAQ:ADP) - Ticker Report。Quadrant Capital Group LLC boosted its holdings in shares of Automatic Data Processing, Inc. (NASDAQ:ADP – Free Report) by 0…""], ""target_titles"": [""Massachusetts Financial Services Co. MA Buys 50,779 Shares of Synchrony Financial (NYSE:SYF) - Markets Daily。Massachusetts Financial Services Co. MA increased its stake in Synchrony Financial (NYSE:SYF – Free Report) by 24.9% during the 4th…"", ""10,089 Shares in Gaming and Leisure Properties, Inc. (NASDAQ:GLPI) Bought by Landscape Capital Management L.L.C. - Enterprise Leader。Landscape Capital Management L.L.C. purchased a new stake in Gaming and Leisure Properties, Inc. (NASDAQ:GL…""]}, {""previous_date"": ""2025-03-21"", ""date"": ""2025-03-22"", ""source_block"": 150, ""target_block"": 150, ""pair_score"": 0.019524526678141137, ""previous_titles"": [""MRP Capital Investments LLC Has $280,000 Stake in Shift4 Payments, Inc. (NYSE:FOUR) - Enterprise Leader。MRP Capital Investments LLC lifted its position in Shift4 Payments, Inc. (NYSE:FOUR – Free Report) by 5.9% in the fourth quarter, accord…"", ""MRP Capital Investments LLC Boosts Stock Holdings in Broadcom Inc. (NASDAQ:AVGO) - Enterprise Leader。MRP Capital Investments LLC lifted its holdings in Broadcom Inc. (NASDAQ:AVGO – Free Report) by 97.2% in the 4th quarter, Holdings Channel.…""], ""target_titles"": [""Prudential Financial, Inc. (NYSE:PRU) EVP Caroline Feeney Acquires 129 Shares of Stock - Ticker Report。Prudential Financial, Inc. (NYSE:PRU – Get Free Report) EVP Caroline Feeney acquired 129 shares of the company’s stock in a transaction o…"", ""Marietta Investment Partners LLC Has $1.65 Million Holdings in Truist Financial Co. (NYSE:TFC) - Markets Daily。Marietta Investment Partners LLC increased its position in shares of Truist Financial Co. (NYSE:TFC – Free Report) by 75.1% durin…""]}]"
156,"[""israel"", ""gaza"", ""war"", ""israeli"", ""syria""]",16.198427090328785,"[{""block"": 156, ""probability"": 0.03936239926991691}, {""block"": 150, ""probability"": 0.030955294424870262}, {""block"": 177, ""probability"": 0.0165278934071278}, {""block"": 148, ""probability"": 0.01389530933555978}, {""block"": 100, ""probability"": 0.011682973059888968}]","[{""block"": 156, ""probability"": 0.0217767629716988, ""lift"": 1.8358845992140247}, {""block"": 150, ""probability"": 0.020778889210996233, ""lift"": 1.1339743988093116}, {""block"": 54, ""probability"": 0.013020561354926186, ""lift"": 1.0956610029189904}, {""block"": 148, ""probability"": 0.012715348577725457, ""lift"": 1.0930202647379896}, {""block"": 57, ""probability"": 0.012040354194325439, ""lift"": 1.0839358403707942}]",3,5,"[{""previous_date"": ""2024-10-06"", ""date"": ""2024-10-07"", ""source_block"": 156, ""target_block"": 156, ""pair_score"": 0.010884018714602315, ""previous_titles"": [""Israel intensifies bombardment of Gaza and southern Lebanon ahead of Oct. 7 anniversary。Israel’s military confirmed a Hezbollah attack on the northern city of Haifa, though it was not immediately clear whether shrapnel from “fallen projecti…"", ""Israeli strike on Gaza mosque kills 19 as conflict widens in Lebanon | WGCU PBS & NPR for Southwest Florida。Israel has intensified its strikes in Gaza and Lebanon, as the expanding conflict in the Mideast approaches one full year since the…""], ""target_titles"": [""Ahead of attack anniversary, Netanyahu says: ‘We will win’ | Prothom Alo。Israeli Prime Minister Benjamin Netanyahu on Sunday vowed victory and said his country’s military “completely transformed reality” in the year since Hamas’s October 7…"", ""Mideast violence is spiraling a year since the Gaza war began - KESQ。Associated Press JERUSALEM (AP) — A year after Hamas’ fateful attack on southern Israel, the Middle East is embroiled in a war that shows no signs of ending and seems to b…""]}, {""previous_date"": ""2023-10-21"", ""date"": ""2023-10-22"", ""source_block"": 156, ""target_block"": 156, ""pair_score"": 0.010580066860144743, ""previous_titles"": [""At Cairo summit, even Arab leaders at peace with Israel expressed growing anger over the Gaza war - KESQ。By SAMY MAGDY Associated Press CAIRO (AP) — Egypt and Jordan harshly criticized Israel over its actions in Gaza at a summit on Saturday…"", ""At Cairo summit, even Arab leaders at peace with Israel expressed growing anger over the Gaza war | WRBL。CAIRO (AP) — Egypt and Jordan harshly criticized Israel over its actions in Gaza at a summit on Saturday, a sign that the two Western a…""], ""target_titles"": [""Israel Latest: Leaders to Meet in Cairo After Hostage Release - BNN Bloomberg。(Bloomberg) -- Israel said it will step up aerial strikes over Gaza in preparation for the “next stage” of its military operation, likely a ground invasion. Food…"", ""Israel strikes Gaza, Syria, West Bank amid worry Hamas war could widen。Israeli warplanes struck targets across Gaza overnight and into Sunday, as well as two airports in Syria and a mosque in the occupied West Bank allegedly used by militan…""]}]"
54,"[""trump"", ""president"", ""congress"", ""supreme"", ""mike""]",16.204464707144975,"[{""block"": 57, ""probability"": 0.027060905343829576}, {""block"": 143, ""probability"": 0.025944909624521513}, {""block"": 54, ""probability"": 0.025792845766099103}, {""block"": 156, ""probability"": 0.02540466667806914}, {""block"": 60, ""probability"": 0.019994664760729666}]","[{""block"": 150, ""probability"": 0.0184592546083992, ""lift"": 1.0073840778721737}, {""block"": 54, ""probability"": 0.016430665749178296, ""lift"": 1.3826162499945036}, {""block"": 156, ""probability"": 0.013236188161318104, ""lift"": 1.1158735588592055}, {""block"": 148, ""probability"": 0.01208269950202554, ""lift"": 1.0386373073238986}, {""block"": 57, ""probability"": 0.011946877935434336, ""lift"": 1.075520617230299}]",3,5,"[{""previous_date"": ""2024-10-25"", ""date"": ""2024-10-26"", ""source_block"": 54, ""target_block"": 150, ""pair_score"": 0.008313220702601234, ""previous_titles"": [""'Washington Post' won't endorse in White House race for first time since 1980s。Updated October 25, 2024 at 17:34 PM ET Even though the presidential race between former President Donald Trump and Vice President Kamala Harris is neck and neck…"", ""Washington Post becomes second major US newspaper this week to not endorse a presidential candidate | News Channel 3-12。AP National Writer Less than two weeks before Election Day, The Washington Post said Friday it would not endorse a candi…""], ""target_titles"": [""McAdam LLC Has $252,000 Stock Holdings in NIKE, Inc. (NYSE:NKE) - Ticker Report。McAdam LLC grew its position in shares of NIKE, Inc. (NYSE:NKE – Free Report) by 6.3% during the third quarter, HoldingsChannel.com reports. The firm owned 2,85…"", ""Harbour Trust & Investment Management Co Has $211,000 Stake in Bank of America Co. (NYSE:BAC) - Ticker Report。Harbour Trust & Investment Management Co reduced its position in shares of Bank of America Co. (NYSE:BAC – Free Report) by 13.2% d…""]}, {""previous_date"": ""2023-08-01"", ""date"": ""2023-08-02"", ""source_block"": 54, ""target_block"": 150, ""pair_score"": 0.00680207841284837, ""previous_titles"": [""Trump charged with 4 felony counts for attempt to overturn the 2020 election | KVCR News。Former President Donald Trump was indicted Tuesday by a federal grand jury on four counts related to efforts to overturn the results of the 2020 presid…"", ""Trump charged with 4 felony counts for attempt to overturn the 2020 election | WKNO FM。Former President Donald Trump was indicted Tuesday by a federal grand jury on four counts related to efforts to overturn the results of the 2020 presiden…""], ""target_titles"": [""ZRC Wealth Management LLC Acquires Shares of 16,247 Alphabet Inc. (NASDAQ:GOOG) - American Banking News。ZRC Wealth Management LLC bought a new stake in Alphabet Inc. (NASDAQ:GOOG – Free Report) during the 1st quarter, according to the compa…"", ""MQS Management LLC Makes New $661,000 Investment in Roper Technologies, Inc. (NYSE:ROP) - Enterprise Leader。MQS Management LLC purchased a new position in shares of Roper Technologies, Inc. (NYSE:ROP – Free Report) during the 1st quarter, a…""]}]"
57,"[""prnewswire"", ""software"", ""network"", ""services"", ""growth""]",15.162413551739478,"[{""block"": 57, ""probability"": 0.03799487392843426}, {""block"": 143, ""probability"": 0.03115010207465681}, {""block"": 11, ""probability"": 0.027467378964514268}, {""block"": 156, ""probability"": 0.024769499725938164}, {""block"": 242, ""probability"": 0.023999716355729436}]","[{""block"": 150, ""probability"": 0.01800258778638923, ""lift"": 0.9824622218631012}, {""block"": 57, ""probability"": 0.014093835673081838, ""lift"": 1.2688010143048556}, {""block"": 54, ""probability"": 0.013528185194107265, ""lift"": 1.1383767990802904}, {""block"": 156, ""probability"": 0.012077062205936979, ""lift"": 1.0181537327859256}, {""block"": 148, ""probability"": 0.010910728126702709, ""lift"": 0.9378938274978934}]",2,5,"[{""previous_date"": ""2025-01-10"", ""date"": ""2025-01-11"", ""source_block"": 57, ""target_block"": 150, ""pair_score"": 0.01304158817562672, ""previous_titles"": [""内容分发网络 (CDN) 软件 - 最热门应用 - 菲律宾 - WebCatalog。Web 应用的应用商店 找到合适的软件和服务。 内容交付网络 (CDN) 提供商提供服务器和服务网络，旨在通过高效交付内容来增强网站性能。 CDN 利用地理上分布的接入点 (PoP) 来优化从源服务器到用户最近的 PoP 的数字内容交付。此策略可减少延迟并缩短网站的加载时间。组织利用 Web 缓存、请求路由和服务器负载平衡等 CDN 服务来确保可靠的内容交付。受益于 CDN 的企业示例包括在…"", ""对话智能软件 - 最热门应用 - 菲律宾 - WebCatalog。Web 应用的应用商店 找到合适的软件和服务。 对话智能软件是一套旨在解释和响应人类语言的工具和技术。通过利用自然语言处理 (NLP)、机器学习和数据分析，该软件可以理解对话的上下文和细微差别，使交互更加高效和富有洞察力。 提交新应用 Podium podium.com Podium 是一款由 AI 提供支持的一体化潜在客户转换和沟通平台，可与您已使用的工具集成。超过 100,000 家企业使用 Podium…""], ""target_titles"": [""Fortitude Family Office LLC Buys 100 Shares of Laboratory Co. of America Holdings (NYSE:LH) - Ticker Report。Fortitude Family Office LLC boosted its position in Laboratory Co. of America Holdings (NYSE:LH – Free Report) by 312.5% in the four…"", ""Fortitude Family Office LLC Lowers Position in TotalEnergies SE (NYSE:TTE) - Ticker Report。Fortitude Family Office LLC reduced its position in shares of TotalEnergies SE (NYSE:TTE – Free Report) by 62.0% in the 4th quarter, HoldingsChannel…""]}, {""previous_date"": ""2024-09-21"", ""date"": ""2024-09-22"", ""source_block"": 57, ""target_block"": 150, ""pair_score"": 0.011153867603591544, ""previous_titles"": [""计费软件 - 最热门应用 - 安哥拉 - WebCatalog。Web 应用的应用商店 找到合适的软件和服务。 使用 WebCatalog Desktop 将网站转化为桌面应用，并访问大量 Mac、Windows、Linux 专属的应用。使用空间组织应用，在多个帐户之间轻松切换，通过前所未有的方式提高工作效率。 公司使用发票和计费软件生成发票并将其发送给客户，要求为交付的产品和服务付款。该软件简化了发票流程，减少了所需的时间和精力，并提高了计费准确性。 发票和计费软件主要由会…"", ""自动拨号软件 - 最热门应用 - 安哥拉 - WebCatalog。Web 应用的应用商店 找到合适的软件和服务。 使用 WebCatalog Desktop 将网站转化为桌面应用，并访问大量 Mac、Windows、Linux 专属的应用。使用空间组织应用，在多个帐户之间轻松切换，通过前所未有的方式提高工作效率。 自动拨号器软件通过拨打列表中的电话号码并与现场代理或预先录制的消息建立连接来运行。这项技术消除了拨打个人号码所涉及的手动工作，使代表能够集中精力改进消息的内容和传…""], ""target_titles"": [""StockNews.com Upgrades Silgan (NYSE:SLGN) to “Buy” - Community Financial News。Silgan (NYSE:SLGN – Get Free Report) was upgraded by research analysts at StockNews.com from a “hold” rating to a “buy” rating in a report released on Friday. Sev…"", ""SITE Centers (NYSE:SITC) Price Target Raised to $65.25 - Markets Daily。SITE Centers (NYSE:SITC – Free Report) had its price target boosted by Stifel Nicolaus from $65.00 to $65.25 in a report published on Thursday, Benzinga reports. They cu…""]}]"
148,"[""bowl"", ""nfl"", ""super"", ""injury"", ""chiefs""]",15.874248527295467,"[{""block"": 148, ""probability"": 0.03526966291331265}, {""block"": 156, ""probability"": 0.026320735586850788}, {""block"": 150, ""probability"": 0.02625743964080962}, {""block"": 68, ""probability"": 0.024167989750413447}, {""block"": 92, ""probability"": 0.017022898097715546}]","[{""block"": 150, ""probability"": 0.017740655239884367, ""lift"": 0.9681676751750975}, {""block"": 148, ""probability"": 0.014733195084022158, ""lift"": 1.2664757629519112}, {""block"": 156, ""probability"": 0.012413546382738458, ""lift"": 1.0465209478248123}, {""block"": 54, ""probability"": 0.01228283488894266, ""lift"": 1.0335824106397427}, {""block"": 57, ""probability"": 0.011267214448127137, ""lift"": 1.0143337450342234}]",3,5,"[{""previous_date"": ""2025-03-03"", ""date"": ""2025-03-04"", ""source_block"": 148, ""target_block"": 150, ""pair_score"": 0.01191394945012541, ""previous_titles"": [""NFL rumors: Giants, Raiders weren't prepared to trade top picks for Matthew Stafford。The first big NFL offseason domino fell when Matthew Stafford agreed to return to the Los Angeles Rams. He was on the trade market with many of the quarter…"", ""NFL rumors: How Aaron Rodgers' Packers 'appreciation' impacted Matthew Stafford。Matthew Stafford decided to stick with the Los Angeles Rams despite interest from several other teams over the past few weeks. There may have been a lot of fact…""], ""target_titles"": [""Alta Capital Management LLC Lowers Stock Holdings in Copart, Inc. (NASDAQ:CPRT) - Markets Daily。Alta Capital Management LLC trimmed its position in Copart, Inc. (NASDAQ:CPRT – Free Report) by 2.1% during the fourth quarter, HoldingsChannel…"", ""Alphabet Inc. (NASDAQ:GOOG) is Hamel Associates Inc.’s 3rd Largest Position - Markets Daily。Hamel Associates Inc. lessened its position in shares of Alphabet Inc. (NASDAQ:GOOG – Free Report) by 1.6% in the 4th quarter, HoldingsChannel.com r…""]}, {""previous_date"": ""2024-10-25"", ""date"": ""2024-10-26"", ""source_block"": 148, ""target_block"": 150, ""pair_score"": 0.011638508983641728, ""previous_titles"": [""Biggest Takeaways From Rams Big Win Against Vikings。The Los Angeles Rams stunned the football world when they upset the Minnesota Vikings in a 30-20 triumph Thursday night. Here are three takeaways from the stunning victory. 1. The Rams wer…"", ""The Hits Keep On Coming For Eagles' Fill-In LT。PHILADELPHIA - Eagles' left tackle Fred Johnson was still in Cincinnati when Trey Hendrickson arrived as a $60 million free-agent splash from New Orleans. One of the best NFL signings in recent…""], ""target_titles"": [""McAdam LLC Has $252,000 Stock Holdings in NIKE, Inc. (NYSE:NKE) - Ticker Report。McAdam LLC grew its position in shares of NIKE, Inc. (NYSE:NKE – Free Report) by 6.3% during the third quarter, HoldingsChannel.com reports. The firm owned 2,85…"", ""Harbour Trust & Investment Management Co Has $211,000 Stake in Bank of America Co. (NYSE:BAC) - Ticker Report。Harbour Trust & Investment Management Co reduced its position in shares of Bank of America Co. (NYSE:BAC – Free Report) by 13.2% d…""]}]"
177,"[""convert"", ""conversion"", ""exchange"", ""rate"", ""table""]",11.463213564501103,"[{""block"": 150, ""probability"": 0.035850847264733934}, {""block"": 156, ""probability"": 0.03205120506694702}, {""block"": 177, ""probability"": 0.024950173754694372}, {""block"": 193, ""probability"": 0.014958008236358337}, {""block"": 148, ""probability"": 0.013211260296759564}]","[{""block"": 177, ""probability"": 0.038929897971866405, ""lift"": 4.635638203248495}, {""block"": 150, ""probability"": 0.021824368270726098, ""lift"": 1.1910297339711886}, {""block"": 156, ""probability"": 0.016814422813272067, ""lift"": 1.4175357433828484}, {""block"": 54, ""probability"": 0.015044185862468223, ""lift"": 1.2659460157557143}, {""block"": 57, ""probability"": 0.011626663222704942, ""lift"": 1.0466932091541303}]",3,5,"[{""previous_date"": ""2024-08-09"", ""date"": ""2024-08-10"", ""source_block"": 177, ""target_block"": 177, ""pair_score"": 0.03220717254117285, ""previous_titles"": [""Dollar steady on US jobs relief, yen heads for first weekly drop in six。PHOTO TOKYO - The dollar hovered close to a one-week high against other major currencies on Friday, after the biggest drop in U.S. jobless claims in close to a year all…"", ""马来西亚林吉特至巴基斯坦卢比汇率。将 MYR 兑换成 PKR - Wise。马来西亚林吉特兑巴基斯坦卢比 按实际汇率将 MYR 换算成 PKR 1 MYR 兑 PKR 统计信息 过去 30 天，MYR 兑 PKR 的表现如下：30 天高点为 63.0140，30 天低点为 59.3288。这意味着 30 天平均值为 60.3600。MYR 兑 PKR 的变化为 6.12。 过去 90 天，MYR 兑 PKR 的表现如下：90 天高点为 63.0140，90 天低点为 58.7…""], ""target_titles"": [""5,000 Bermudan dollars to Lebanese pounds Exchange Rate. Convert BMD/LBP - Wise。5,000 Bermudan dollars to Lebanese pounds Convert BMD to LBP at the real exchange rate 1 BMD to LBP stats The performance of BMD to LBP in the last 30 days saw…"", ""2,000 Bermudan dollars to US dollars Exchange Rate. Convert BMD/USD - Wise。2,000 Bermudan dollars to US dollars Convert BMD to USD at the real exchange rate 1 BMD to USD stats The performance of BMD to USD in the last 30 days saw a 30 day h…""]}, {""previous_date"": ""2024-08-08"", ""date"": ""2024-08-09"", ""source_block"": 177, ""target_block"": 177, ""pair_score"": 0.03055391287206781, ""previous_titles"": [""澳门元 至圣赫勒拿镑 汇率历史 | 汇率换算器 | Wise。澳门元 至圣赫勒拿镑 历史汇率 欢迎查看 澳门元 至圣赫勒拿镑 历史摘要。这是 澳门元 (MOP) 至圣赫勒拿镑 (SHP) 汇率历史摘要页面，详细介绍了从 08-08-2019 到 08-08-2024 5 年的 MOP 和 SHP 历史数据。 澳门元 至圣赫勒拿镑 汇率历史 今日 澳门元 至圣赫勒拿镑 的汇率目前为 0.098，较昨日变动 -0.425%。过去一周，澳门元 的价值保持相对稳定，与 7 天前的价值…"", ""1,000 澳门元 兑圣赫勒拿磅 汇率。将 MOP 兑换成 SHP - Wise。1 MOP 兑 SHP 统计信息 过去 90 天，MOP 兑 SHP 的表现如下：90 天高点为 0.0992，90 天低点为 0.0956。这意味着 90 天平均值为 0.0974。MOP 兑 SHP 的变化为 -1.52。 如何将澳门元兑换成圣赫勒拿磅 - 1输入金额只需在框中输入您要换算的金额。 - 2选择您的货币点击下拉列表，在第一个下拉列表中选择MOP作为要换算的原始货币，在第二个下拉…""], ""target_titles"": [""Dollar steady on US jobs relief, yen heads for first weekly drop in six。PHOTO TOKYO - The dollar hovered close to a one-week high against other major currencies on Friday, after the biggest drop in U.S. jobless claims in close to a year all…"", ""马来西亚林吉特至巴基斯坦卢比汇率。将 MYR 兑换成 PKR - Wise。马来西亚林吉特兑巴基斯坦卢比 按实际汇率将 MYR 换算成 PKR 1 MYR 兑 PKR 统计信息 过去 30 天，MYR 兑 PKR 的表现如下：30 天高点为 63.0140，30 天低点为 59.3288。这意味着 30 天平均值为 60.3600。MYR 兑 PKR 的变化为 6.12。 过去 90 天，MYR 兑 PKR 的表现如下：90 天高点为 63.0140，90 天低点为 58.7…""]}]"
193,"[""stock"", ""price"", ""indian"", ""nasdaq"", ""markets""]",13.414589614348758,"[{""block"": 150, ""probability"": 0.033228464548830244}, {""block"": 156, ""probability"": 0.021205710991868586}, {""block"": 177, ""probability"": 0.015609631065250505}, {""block"": 193, ""probability"": 0.015156486433447785}, {""block"": 58, ""probability"": 0.013044613902108239}]","[{""block"": 150, ""probability"": 0.020367968629373453, ""lift"": 1.1115490701609703}, {""block"": 54, ""probability"": 0.011851937508928882, ""lift"": 0.9973230326704171}, {""block"": 148, ""probability"": 0.011782409847801049, ""lift"": 1.0128241984380353}, {""block"": 156, ""probability"": 0.011691070752941929, ""lift"": 0.9856128191109774}, {""block"": 57, ""probability"": 0.01097606737186674, ""lift"": 0.9881231580627415}]",2,5,"[{""previous_date"": ""2025-02-06"", ""date"": ""2025-02-07"", ""source_block"": 193, ""target_block"": 150, ""pair_score"": 0.01355421686746988, ""previous_titles"": [""Dow Dips 150 Points; Bristol Myers Squibb Issues Weak Outlook - American Superconductor (NASDAQ:AMSC), Digital Turbine (NASDAQ:APPS) - Benzinga。U.S. stocks traded mixed midway through trading, with the Dow Jones index falling around 150 poi…"", ""Stocks Surged: Sensex falls! But these stocks gained over 10% on BSE - The Economic Times。These high-performing stocks that rallied more than 10% during the session included, GSK Pharma(13.77%), Danlaw Technologies(12.08%), Vimta Labs(11.92…""], ""target_titles"": [""KBC Group NV Raises Position in Five9, Inc. (NASDAQ:FIVN) - Ticker Report。KBC Group NV raised its position in Five9, Inc. (NASDAQ:FIVN – Free Report) by 49.2% during the 4th quarter, HoldingsChannel reports. The institutional investor owned…"", ""NorthWestern Energy Group, Inc. (NYSE:NWE) Position Increased by KBC Group NV - Ticker Report。KBC Group NV boosted its stake in shares of NorthWestern Energy Group, Inc. (NYSE:NWE – Free Report) by 49.2% in the fourth quarter, HoldingsChann…""]}, {""previous_date"": ""2024-02-24"", ""date"": ""2024-02-25"", ""source_block"": 193, ""target_block"": 150, ""pair_score"": 0.008932791379147367, ""previous_titles"": [""Codexis Inc. (NASDAQ: CDXS) Stock Jumped 12.43% Over A Month – Is There Any Hope Of A Gain? – Marketing Sentinel。During the last session, Codexis Inc. (NASDAQ:CDXS)’s traded shares were 0.44 million, with the beta value of the company hitti…"", ""How Will WideOpenWest Inc (NYSE: WOW) Look After It Drops -212.03% From Its Highs? – Marketing Sentinel。During the last session, WideOpenWest Inc (NYSE:WOW)’s traded shares were 0.62 million, with the beta value of the company hitting 1.41.…""], ""target_titles"": [""LPL Financial LLC Raises Holdings in Booking Holdings Inc. (NASDAQ:BKNG) - ETF Daily News。LPL Financial LLC lifted its holdings in shares of Booking Holdings Inc. (NASDAQ:BKNG – Free Report) by 8.8% during the 3rd quarter, according to its…"", ""One Charles Private Wealth Services LLC Trims Position in The Trade Desk, Inc. (NASDAQ:TTD) - Markets Daily。One Charles Private Wealth Services LLC cut its stake in The Trade Desk, Inc. (NASDAQ:TTD – Free Report) by 13.4% in the third quart…""]}]"
143,"[""hdl"", ""创新"", ""clinical"", ""ratio"", ""医药""]",12.074219913525095,"[{""block"": 143, ""probability"": 0.03480870406289739}, {""block"": 57, ""probability"": 0.03252280330998482}, {""block"": 156, ""probability"": 0.02492226995382003}, {""block"": 11, ""probability"": 0.023549164030575807}, {""block"": 117, ""probability"": 0.021234844862687726}]","[{""block"": 150, ""probability"": 0.018940143688975234, ""lift"": 1.0336278246144965}, {""block"": 57, ""probability"": 0.012125039172708225, ""lift"": 1.0915596263266416}, {""block"": 54, ""probability"": 0.011724512620458111, ""lift"": 0.9866004165486549}, {""block"": 156, ""probability"": 0.011689581934369263, ""lift"": 0.9854873046306053}, {""block"": 143, ""probability"": 0.010799909014833483, ""lift"": 1.2209904368872646}]",3,5,"[{""previous_date"": ""2024-06-22"", ""date"": ""2024-06-23"", ""source_block"": 143, ""target_block"": 150, ""pair_score"": 0.008039702233250621, ""previous_titles"": [""Медицина - Самые популярные приложения - Бурунди - WebCatalog。Отправить новое приложение Medical Chat medical.chat-data.com CDC cdc.gov Amazon Pharmacy amazon.com One Medical onemedical.com athenaNet athenahealth.com Tata 1mg 1mg.com doxy.m…"", ""תרופה - האפליקציות הכי פופולריות - בורונדי - WebCatalog。הגשת אפליקציה חדשה Medical Chat medical.chat-data.com CDC cdc.gov Amazon Pharmacy amazon.com One Medical onemedical.com athenaNet athenahealth.com Tata 1mg 1mg.com doxy.me doxy.me Drug…""], ""target_titles"": [""Executive Wealth Group LLC Has $3.68 Million Stock Holdings in Adient plc (NYSE:ADNT) - Enterprise Leader。Executive Wealth Group LLC boosted its stake in Adient plc (NYSE:ADNT – Free Report) by 200.0% during the 1st quarter, according to it…"", ""Hummer Financial Advisory Services Inc Has $715,000 Position in RTX Co. (NYSE:RTX) - Enterprise Leader。Hummer Financial Advisory Services Inc lifted its stake in shares of RTX Co. (NYSE:RTX – Free Report) by 1.7% during the first quarter, H…""]}, {""previous_date"": ""2025-03-21"", ""date"": ""2025-03-22"", ""source_block"": 143, ""target_block"": 150, ""pair_score"": 0.0070998278829604135, ""previous_titles"": [""Blood Collection Devices Market Size to Reach US$ 14.02。US & Canada, March 21, 2025 (GLOBE NEWSWIRE) -- According to a comprehensive report from The Insight Partners, “Blood Collection Devices Market Size and Forecast (2020 - 2030), Global…"", ""Anteris Reports One-Year Patient Outcomes for DurAVR® THV。MINNEAPOLIS and BRISBANE, Australia, March 21, 2025 (GLOBE NEWSWIRE) -- Anteris Technologies Global Corp. (Anteris® or the Company) (NASDAQ: AVR, ASX: AVR) a global structural heart…""], ""target_titles"": [""Prudential Financial, Inc. (NYSE:PRU) EVP Caroline Feeney Acquires 129 Shares of Stock - Ticker Report。Prudential Financial, Inc. (NYSE:PRU – Get Free Report) EVP Caroline Feeney acquired 129 shares of the company’s stock in a transaction o…"", ""Marietta Investment Partners LLC Has $1.65 Million Holdings in Truist Financial Co. (NYSE:TFC) - Markets Daily。Marietta Investment Partners LLC increased its position in shares of Truist Financial Co. (NYSE:TFC – Free Report) by 75.1% durin…""]}]"
68,"[""nba"", ""game"", ""celtics"", ""injury"", ""rockets""]",12.07925307643197,"[{""block"": 150, ""probability"": 0.028705156841758308}, {""block"": 156, ""probability"": 0.02100975070137139}, {""block"": 148, ""probability"": 0.019148396723037468}, {""block"": 68, ""probability"": 0.01493836621690628}, {""block"": 177, ""probability"": 0.013787240553956298}]","[{""block"": 150, ""probability"": 0.019957095210094606, ""lift"": 1.089126315321559}, {""block"": 156, ""probability"": 0.01337045390755098, ""lift"": 1.127192799282186}, {""block"": 57, ""probability"": 0.012632285652538147, ""lift"": 1.137224615123126}, {""block"": 54, ""probability"": 0.01177877823017076, ""lift"": 0.9911667874401278}, {""block"": 148, ""probability"": 0.01172308954326151, ""lift"": 1.0077249835344244}]",3,5,"[{""previous_date"": ""2023-10-27"", ""date"": ""2023-10-28"", ""source_block"": 68, ""target_block"": 150, ""pair_score"": 0.012366818873668188, ""previous_titles"": [""No. 1 pick Wembanyama scores 15 points in NBA debut as Spurs fall to Mavericks in opener | WREG.com。SAN ANTONIO (AP) — The Victor Wembanyama era is underway in San Antonio. Wembanyama made his NBA debut with the Spurs against the Dallas Mav…"", ""No. 1 pick Wembanyama scores 15 points in NBA debut as Spurs fall to Mavericks in opener – NBC4 WCMH-TV。SAN ANTONIO (AP) — The Victor Wembanyama era is underway in San Antonio. Wembanyama made his NBA debut with the Spurs against the Dallas…""], ""target_titles"": [""Maltin Wealth Management Inc. Invests $385,000 in U.S. Bancorp (NYSE:USB) - ETF Daily News。Maltin Wealth Management Inc. purchased a new position in shares of U.S. Bancorp (NYSE:USB – Free Report) during the 2nd quarter, according to the co…"", ""Jennison Associates LLC Boosts Position in AXIS Capital Holdings Limited (NYSE:AXS) - WKRB News。Jennison Associates LLC raised its stake in shares of AXIS Capital Holdings Limited (NYSE:AXS – Free Report) by 7.4% in the second quarter, acco…""]}, {""previous_date"": ""2024-10-25"", ""date"": ""2024-10-26"", ""source_block"": 68, ""target_block"": 150, ""pair_score"": 0.008313220702601234, ""previous_titles"": [""Experts Pick Phoenix Suns vs Los Angeles Lakers Prop Bets。Both the Phoenix Suns and Los Angeles Lakers look to march forward as undefeated after Friday night thanks to each squad winning their respective season opener. All stars are healthy…"", ""Phoenix Suns-Los Angeles Lakers Injury Report Revealed。PHOENIX -- The Phoenix Suns and Los Angeles Lakers have unveiled their injury report for Friday's matchup at Crypto.com Arena. PHOENIX SUNS INJURY REPORT PROBABLE - Grayson Allen (Achil…""], ""target_titles"": [""McAdam LLC Has $252,000 Stock Holdings in NIKE, Inc. (NYSE:NKE) - Ticker Report。McAdam LLC grew its position in shares of NIKE, Inc. (NYSE:NKE – Free Report) by 6.3% during the third quarter, HoldingsChannel.com reports. The firm owned 2,85…"", ""Harbour Trust & Investment Management Co Has $211,000 Stake in Bank of America Co. (NYSE:BAC) - Ticker Report。Harbour Trust & Investment Management Co reduced its position in shares of Bank of America Co. (NYSE:BAC – Free Report) by 13.2% d…""]}]"
87,"[""delhi"", ""police"", ""court"", ""case"", ""singh""]",10.049952587754808,"[{""block"": 143, ""probability"": 0.023294916624690486}, {""block"": 57, ""probability"": 0.023063548828874812}, {""block"": 54, ""probability"": 0.022527432430129193}, {""block"": 156, ""probability"": 0.019636529915539876}, {""block"": 78, ""probability"": 0.018435242478565355}]","[{""block"": 150, ""probability"": 0.019857066350501804, ""lift"": 1.0836674014802792}, {""block"": 54, ""probability"": 0.013330058491612165, ""lift"": 1.1217047297552085}, {""block"": 156, ""probability"": 0.0128353956245864, ""lift"": 1.0820848434921917}, {""block"": 148, ""probability"": 0.012101471945500366, ""lift"": 1.040250999706078}, {""block"": 57, ""probability"": 0.01203431654800703, ""lift"": 1.08339229977968}]",3,5,"[{""previous_date"": ""2025-03-21"", ""date"": ""2025-03-22"", ""source_block"": 87, ""target_block"": 150, ""pair_score"": 0.008874784853700517, ""previous_titles"": [""'94% rise in communal violence between 2019-2024'。AAP MP Sanjay Singh targeted the BJP in the Rajya Sabha on Friday, claiming cases of communal violence have gone up by 94 per cent between 2019 and 2024 \""due to incendiary and hate speeches\""…"", ""'Not trash bin': Allahabad lawyers oppose Justice Varma's transfer - Rediff.com India News。The Allahabad High Court Bar Association on Friday opposed the transfer of Delhi High Court sitting judge Justice Yashwant Varma, from whose official…""], ""target_titles"": [""Prudential Financial, Inc. (NYSE:PRU) EVP Caroline Feeney Acquires 129 Shares of Stock - Ticker Report。Prudential Financial, Inc. (NYSE:PRU – Get Free Report) EVP Caroline Feeney acquired 129 shares of the company’s stock in a transaction o…"", ""Marietta Investment Partners LLC Has $1.65 Million Holdings in Truist Financial Co. (NYSE:TFC) - Markets Daily。Marietta Investment Partners LLC increased its position in shares of Truist Financial Co. (NYSE:TFC – Free Report) by 75.1% durin…""]}, {""previous_date"": ""2025-03-07"", ""date"": ""2025-03-08"", ""source_block"": 87, ""target_block"": 150, ""pair_score"": 0.00633409394916988, ""previous_titles"": [""Madras HC reserves orders on cop's bail plea in Sathankulam custodial death case。MADURAI: The Madurai Bench of the Madras High Court on Thursday reserved orders on a bail petition filed by former sub-inspector P Ragu Ganesh, one of the key…"", ""Naba Das murder case: Odisha HC rejects PIL for CBI probe citing ongoing trail。CUTTACK: The PIL seeking a CBI probe into the murder of BJD leader and former Health Minister Naba Kishore Das was disposed of by the Orissa High Court on Wednes…""], ""target_titles"": [""United Bankshares, Inc. (NASDAQ:UBSI) Shares Sold by Mutual of America Capital Management LLC - ETF Daily News。Mutual of America Capital Management LLC cut its holdings in United Bankshares, Inc. (NASDAQ:UBSI – Free Report) by 2.3% during t…"", ""Insider Buying: Peoples Financial Services Corp. (NASDAQ:PFIS) Director Purchases 1,000 Shares of Stock - WKRB News。Peoples Financial Services Corp. (NASDAQ:PFIS – Get Free Report) Director Richard S. Lochen, Jr. purchased 1,000 shares of t…""]}]"
161,"[""guru"", ""nasdaq"", ""stock"", ""index"", ""company""]",10.5507274266173,"[{""block"": 150, ""probability"": 0.03160278088694306}, {""block"": 156, ""probability"": 0.02222906484788827}, {""block"": 57, ""probability"": 0.0169819648941403}, {""block"": 161, ""probability"": 0.015272499413137176}, {""block"": 60, ""probability"": 0.01519840484912403}]","[{""block"": 150, ""probability"": 0.018207660191519853, ""lift"": 0.9936537179512229}, {""block"": 156, ""probability"": 0.01232081190412355, ""lift"": 1.0387029906138847}, {""block"": 54, ""probability"": 0.012018338231474442, ""lift"": 1.0113254076511038}, {""block"": 57, ""probability"": 0.012012347547381674, ""lift"": 1.0814145351084237}, {""block"": 148, ""probability"": 0.010534347381606435, ""lift"": 0.905539875175416}]",3,5,"[{""previous_date"": ""2024-04-18"", ""date"": ""2024-04-19"", ""source_block"": 161, ""target_block"": 150, ""pair_score"": 0.009272341928647123, ""previous_titles"": [""Crude Recovers Early Losses on Lingering Geopolitical Risks。Join Barchart Premier to attend LIVE \""Market on Close\"" program each Friday with John Rowland. FREE 30 Day Trial - Market Pulse - - Options Market Overview - Unusual Options Activit…"", ""1 Semiconductor Stock Set to Benefit from Meta's New AI Chip。Barchart Premier: The most comprehensive method for keeping track of all your investments. FREE 30 Day Trial - Market Pulse - - Options Market Overview - Unusual Options Activity…""], ""target_titles"": [""International Assets Investment Management LLC Purchases 30,097 Shares of Pinnacle Financial Partners, Inc. (NASDAQ:PNFP) - ETF Daily News。International Assets Investment Management LLC boosted its position in shares of Pinnacle Financial P…"", ""Needham & Company LLC Reiterates Buy Rating for ServiceNow (NYSE:NOW) - Ticker Report。Needham & Company LLC reaffirmed their buy rating on shares of ServiceNow (NYSE:NOW – Free Report) in a report issued on Tuesday morning, Benzinga reports…""]}, {""previous_date"": ""2024-05-17"", ""date"": ""2024-05-18"", ""source_block"": 161, ""target_block"": 150, ""pair_score"": 0.006089162740123232, ""previous_titles"": [""Federal Reserve Chair Jerome Powell working from home after testing positive for COVID-19。Get your Portfolio automatically emailed to you up to 4 times a day with Barchart Premier. FREE 30 Day Trial - Market Pulse - - Options Market Overvie…"", ""Shopify Looks Cheap Based on Its FCF, and Shorting OTM Puts is a Good Way to Buy In。Get all the relevant market information you need — get it fast, on time, and accurately with Barchart Plus. FREE 30 Day Trial - Market Pulse - - Options Mar…""], ""target_titles"": [""Navellier & Associates Inc. Buys New Shares in The Progressive Co. (NYSE:PGR) - Ticker Report。Navellier & Associates Inc. purchased a new position in The Progressive Co. (NYSE:PGR – Free Report) in the fourth quarter, Holdings Channel.com r…"", ""Insperity, Inc. (NYSE:NSP) Shares Sold by Navellier & Associates Inc. - Markets Daily。Navellier & Associates Inc. decreased its holdings in Insperity, Inc. (NYSE:NSP – Free Report) by 1.8% in the 4th quarter, HoldingsChannel reports. The fu…""]}]"
36,"[""liverpool"", ""chelsea"", ""goal"", ""midfielder"", ""transfer""]",11.630303490517768,"[{""block"": 150, ""probability"": 0.02394157638570726}, {""block"": 156, ""probability"": 0.019725066226045376}, {""block"": 148, ""probability"": 0.016054989801803046}, {""block"": 36, ""probability"": 0.015086191927527831}, {""block"": 160, ""probability"": 0.01409179058928219}]","[{""block"": 150, ""probability"": 0.018575557059504883, ""lift"": 1.0137310967495266}, {""block"": 156, ""probability"": 0.01299592774001362, ""lift"": 1.095618463653053}, {""block"": 54, ""probability"": 0.012269968519642209, ""lift"": 1.032499724670422}, {""block"": 57, ""probability"": 0.011738488128084867, ""lift"": 1.056760273696509}, {""block"": 148, ""probability"": 0.011298596195652122, ""lift"": 0.9712352382201418}]",3,5,"[{""previous_date"": ""2024-02-26"", ""date"": ""2024-02-27"", ""source_block"": 36, ""target_block"": 150, ""pair_score"": 0.005695301376364498, ""previous_titles"": [""Arsenal make approach for Barcelona regular Ronald Araujo after Man Utd links。Arsenal are rivalling Manchester United for the signature of Barcelona defender Ronald Araujo, according to one reporter who reveals both clubs have made contract…"", ""Rangnick offers lifeline to 'very popular' but barely-seen star as Man Utd boss makes 'realistic' admission。Ralf Rangnick has insisted that Juan Mata remains a “very popular” figure in the Manchester United dressing room, despite his lack o…""], ""target_titles"": [""Staley Capital Advisers Inc. Has $639,000 Stock Holdings in The PNC Financial Services Group, Inc. (NYSE:PNC) - WKRB News。Staley Capital Advisers Inc. grew its holdings in shares of The PNC Financial Services Group, Inc. (NYSE:PNC – Free Re…"", ""Reuter James Wealth Management LLC Sells 71 Shares of Autodesk, Inc. (NASDAQ:ADSK) - Markets Daily。Reuter James Wealth Management LLC reduced its holdings in shares of Autodesk, Inc. (NASDAQ:ADSK – Free Report) by 3.5% in the third quarter,…""]}, {""previous_date"": ""2025-03-21"", ""date"": ""2025-03-22"", ""source_block"": 36, ""target_block"": 150, ""pair_score"": 0.0053248709122203095, ""previous_titles"": [""Jorrel Hato, Tyler Dibling and six NXGN wonderkids set for summer transfers in 2025 | Goal.com India。It promises to be a very busy summer transfer window, with some of the biggest names in the game being linked with moves, while other prove…"", ""Harry Kane given Bayern Munich retirement advice as England captain is told he is 'more important' to Bundesliga giants than fellow iconic No.9 Robert Lewandowski | Goal.com India。Harry Kane given Bayern Munich retirement advice as England…""], ""target_titles"": [""Prudential Financial, Inc. (NYSE:PRU) EVP Caroline Feeney Acquires 129 Shares of Stock - Ticker Report。Prudential Financial, Inc. (NYSE:PRU – Get Free Report) EVP Caroline Feeney acquired 129 shares of the company’s stock in a transaction o…"", ""Marietta Investment Partners LLC Has $1.65 Million Holdings in Truist Financial Co. (NYSE:TFC) - Markets Daily。Marietta Investment Partners LLC increased its position in shares of Truist Financial Co. (NYSE:TFC – Free Report) by 75.1% durin…""]}]"
204,"[""hdl"", ""ratio"", ""vara"", ""layer"", ""apob""]",0.558864227485814,"[{""block"": 150, ""probability"": 0.02855256950667195}, {""block"": 156, ""probability"": 0.024284861222975962}, {""block"": 148, ""probability"": 0.012884796738171257}, {""block"": 177, ""probability"": 0.012543579181000991}, {""block"": 54, ""probability"": 0.011835302520331633}]","[{""block"": 177, ""probability"": 0.02978034578973957, ""lift"": 3.5461410340359203}, {""block"": 150, ""probability"": 0.02584194306285063, ""lift"": 1.410282404954193}, {""block"": 68, ""probability"": 0.022460611373470777, ""lift"": 2.5160059692443277}, {""block"": 59, ""probability"": 0.013697973497576888, ""lift"": 1.782669141051385}, {""block"": 73, ""probability"": 0.013649752956988313, ""lift"": 3.32574488346733}]",2,5,"[{""previous_date"": ""2024-04-21"", ""date"": ""2024-04-22"", ""source_block"": 204, ""target_block"": 177, ""pair_score"": 0.01461769115442279, ""previous_titles"": [""Bay Ridge NYC - Vara Juice。VARA Juice - Brooklyn Bay Ridge NYC Featured Items - Awar Qalb$6.81 - Strawberry (Energy)$6.99+ - Vara Juice$5.97+ Vara Juice VARA Smoothies - Vara Juice$5.97+ - Pomango Passion$6.88Pomegranate Seeds as the first…"", ""Bay Ridge NYC - Mini Raspberry Filled Beignet。VARA Juice - Brooklyn Bay Ridge NYC VARA Smoothies - Vara Juice$5.97+ice cream the first layer, 2nd layer strawberry,3rd layer Avocado and 4th layer Mango. (the most seller ) ice cream the first…""], ""target_titles"": [""澳元 至孟加拉国塔卡斯 Exchange Rate History | Currency Converter | Wise。澳元 至孟加拉国塔卡斯 Historical Exchange Rates Welcome to the 澳元 至孟加拉国塔卡斯 history summary. This is the 澳元 (AUD) 至孟加拉国塔卡斯 (BDT) exchange rate history summary page, detailing 5 years of AUD…"", ""澳元 至波斯尼亚-黑塞哥维那可兑换马克 Exchange Rate History | Currency Converter | Wise。澳元 至波斯尼亚-黑塞哥维那可兑换马克 Historical Exchange Rates Welcome to the 澳元 至波斯尼亚-黑塞哥维那可兑换马克 history summary. This is the 澳元 (AUD) 至波斯尼亚-黑塞哥维那可兑换马克 (BAM) exchange rate history summar…""]}, {""previous_date"": ""2024-05-14"", ""date"": ""2024-05-15"", ""source_block"": 204, ""target_block"": 177, ""pair_score"": 0.0008261475706098, ""previous_titles"": [""Southern Sky Brands: Apple Pie Bubble Hash Gummies 100 mg (11mg THC) | Leafly。Juicy sugar-coated edibles infused with our premium Bubble Hash from Indica Strains like Gelato 45, MAC 1, and Ole Bliss. 10mg of THC per square (100mg package to…"", ""Pharmicated: PhD 10-1g Pre-Roll - Afghan Skunk (I) | Leafly。Every Pharmicated pre-roll delivers a high that will satisfy even the most discerning cannabis user. We ensure the quality and consistency of our joints by hand-packing triple-scre…""], ""target_titles"": [""Nagarro SE stock price / NA9.FRK share quote summary - Wise CZ。Nagarro SE stock price (NA9.FRK) NA9.FRK Buying or selling a stock that’s not traded in your local currency? Don’t let the currency conversion trip you up. Convert Nagarro SE st…"", ""Nagarro SE stock price / NA9.DEX share quote summary - Wise CZ。Nagarro SE stock price (NA9.DEX) NA9.DEX Buying or selling a stock that’s not traded in your local currency? Don’t let the currency conversion trip you up. Convert Nagarro SE st…""]}]"
203,"[""dna"", ""family"", ""autosomal"", ""their"", ""semiconservative""]",0.08053121590257449,"[{""block"": 150, ""probability"": 0.025106301419850124}, {""block"": 156, ""probability"": 0.020825146889942563}, {""block"": 54, ""probability"": 0.013149750440312882}, {""block"": 235, ""probability"": 0.012667989614289107}, {""block"": 148, ""probability"": 0.011564329238011048}]","[{""block"": 156, ""probability"": 0.0214504241573842, ""lift"": 1.8083726864423901}, {""block"": 143, ""probability"": 0.019441449317545895, ""lift"": 2.1979651553868185}, {""block"": 150, ""probability"": 0.018914734569293334, ""lift"": 1.0322411628481731}, {""block"": 78, ""probability"": 0.012542105371799138, ""lift"": 2.2542289524370003}, {""block"": 92, ""probability"": 0.01201265618150701, ""lift"": 1.8806364857289282}]",2,5,"[{""previous_date"": ""2023-11-28"", ""date"": ""2023-11-29"", ""source_block"": 203, ""target_block"": 156, ""pair_score"": 0.00044161808867691223, ""previous_titles"": [""Emmerdale's David is devastated as family secrets are revealed ahead of exit | Radio Times。Emmerdale's David is devastated as family secrets are revealed ahead of exit A confrontation led to more heartbreak. Warning: This article contains m…""], ""target_titles"": [""Israel releases 30 captives after Hamas frees 12 hostages in extended truce deal | The Business Standard。Hamas freed 12 more hostages and Israel released 30 Palestinian captives on Tuesday, the fifth day of an extended six-day truce between…"", ""With deadline looming, diplomats seek to extend Gaza truce; more hostages, prisoners are freed | The Business Standard。Hamas and Israel released more hostages and prisoners under terms of a fragile cease-fire that held for a fifth day Tuesd…""]}, {""previous_date"": ""2023-12-03"", ""date"": ""2023-12-04"", ""source_block"": 203, ""target_block"": 156, ""pair_score"": 0.00035714285714285714, ""previous_titles"": [""Pedigree Chart For Family History Of Genetic Disorder: A Visual Reference of Charts | Chart Master。Pedigree Chart For Family History Of Genetic Disorder is a topic that can benefit from charts. Charts are visual aids that help you display a…""], ""target_titles"": [""Israel orders mass evacuations as it widens offensive; Palestinians are running out of places to go – WDBO。DEIR AL-BALAH, Gaza Strip — (AP) — The Israeli military on Monday renewed its calls for mass evacuations from the southern town of Kh…"", ""Live updates | Israel’s military calls for more evacuations in southern Gaza as it widens offensive – WDBO。Israel's military called for more evacuations in southern Gaza as it widened its offensive aimed at eliminating the territory's Hamas…""]}]"
179,"[""smollett"", ""jussie"", ""jail"", ""chicago"", ""actor""]",0.16560277736958695,"[{""block"": 150, ""probability"": 0.02996510961967928}, {""block"": 156, ""probability"": 0.020432802754592444}, {""block"": 54, ""probability"": 0.015399380361803033}, {""block"": 148, ""probability"": 0.011843653977320024}, {""block"": 200, ""probability"": 0.011456059177318933}]","[{""block"": 150, ""probability"": 0.025887325498168176, ""lift"": 1.4127590782394275}, {""block"": 144, ""probability"": 0.0222420723742074, ""lift"": 3.3585922274458397}, {""block"": 96, ""probability"": 0.016233767805638764, ""lift"": 2.1900897554467376}, {""block"": 202, ""probability"": 0.014750746511813113, ""lift"": 5.875857337241921}, {""block"": 20, ""probability"": 0.012650319471241333, ""lift"": 1.6663757624862687}]",1,5,"[{""previous_date"": ""2023-12-02"", ""date"": ""2023-12-03"", ""source_block"": 179, ""target_block"": 150, ""pair_score"": 0.0014985014985014985, ""previous_titles"": [""Illinois appeals court affirms actor Jussie Smollett’s convictions and jail sentence | WETM - MyTwinTiers.com。An appeals court upheld the disorderly conduct convictions Friday of actor Jussie Smollett, who was accused of staging a racist, h…"", ""Illinois appeals court affirms actor Jussie Smollett’s convictions and jail sentence | WETM - MyTwinTiers.com。An appeals court upheld the disorderly conduct convictions Friday of actor Jussie Smollett, who was accused of staging a racist, h…""], ""target_titles"": [""Ossiam Decreases Position in Block, Inc. (NYSE:SQ) - Ticker Report。Ossiam decreased its position in Block, Inc. (NYSE:SQ – Free Report) by 64.7% in the second quarter, HoldingsChannel.com reports. The fund owned 7,426 shares of the technolo…"", ""Ossiam Has $509,000 Stock Holdings in Insulet Co. (NASDAQ:PODD) - Ticker Report。Ossiam lifted its stake in shares of Insulet Co. (NASDAQ:PODD – Free Report) by 51.4% during the 2nd quarter, according to the company in its most recent 13F fi…""]}, {""previous_date"": ""2022-04-12"", ""date"": ""2022-04-13"", ""source_block"": 179, ""target_block"": 150, ""pair_score"": 0.0008783783783783784, ""previous_titles"": [""Jussie Smollett claims innocence in new song ‘Thank You God’ after jail release | WDVM25 & DCW50 | Washington, DC。CHICAGO (WGN) – Former “Empire” actor Jussie Smollett has released a new song in which he again claims to be innocent of lying…"", ""Jussie Smollett claims innocence in new song ‘Thank You God’ after jail release | MyStateline.com。CHICAGO (WGN) – Former “Empire” actor Jussie Smollett has released a new song in which he again claims to be innocent of lying to Chicago poli…""], ""target_titles"": [""Research Analysts Offer Predictions for Interactive Brokers Group, Inc.’s Q2 2022 Earnings (NASDAQ:IBKR) - WKRB News。Interactive Brokers Group, Inc. (NASDAQ:IBKR – Get Rating) – Equities research analysts at Jefferies Financial Group upped…"", ""U.S. Bancorp (USB) Set to Announce Earnings on Thursday - Enterprise Leader。U.S. Bancorp (NYSE:USB – Get Rating) will be releasing its earnings data before the market opens on Thursday, April 14th. Analysts expect U.S. Bancorp to post earni…""]}]"
60,"[""咖啡"", ""profit"", ""crore"", ""growth"", ""revenue""]",10.564441810945308,"[{""block"": 156, ""probability"": 0.026253913780887747}, {""block"": 150, ""probability"": 0.02271710875452676}, {""block"": 60, ""probability"": 0.01867655418539193}, {""block"": 177, ""probability"": 0.01724159452209676}, {""block"": 54, ""probability"": 0.016125025369966618}]","[{""block"": 150, ""probability"": 0.015823203715195043, ""lift"": 0.8635258476993098}, {""block"": 54, ""probability"": 0.013393523727727178, ""lift"": 1.1270452356179574}, {""block"": 177, ""probability"": 0.012375233194494926, ""lift"": 1.4736001571842614}, {""block"": 156, ""probability"": 0.012158416097155258, ""lift"": 1.0250122524000609}, {""block"": 57, ""probability"": 0.011822672825251667, ""lift"": 1.0643390217131463}]",4,5,"[{""previous_date"": ""2024-08-15"", ""date"": ""2024-08-16"", ""source_block"": 60, ""target_block"": 150, ""pair_score"": 0.00573248407643312, ""previous_titles"": [""新科工程上半年净利和营收双位数增长 | 联合早报。三大业务皆表现良好，新科工程上半年营收和净利都取得双位数增长。 新科工程星期三（8月14日）开市前发布截至今年6月底的上半年业绩，显示集团净利同比增加19.9％至3亿3650万元，每股盈利也相应增加到10.8分。 集团董事会批准派发每股4分的第二次中期股息，派息日为9月5日。集团上半年每股派息8分，与去年同期一样。 得益于三大业务的贡献均有增长，集团上半年营收55亿2000万元，比去年同期增加了14％。上半年的息税前盈利（EB…"", ""星和上半年净利增7.1％至8210万元 | 联合早报。电信公司星和（StarHub）截至6月底上半年集团净利同比增加7.1％，报8210万元；上半年集团营收同比则持平于11亿零490万元。 上半年每股盈利4.5分。截至6月底的每股净资产值为33.6分。 星和将在9月6日派发每股3分的中期股息，高于去年同期的2.5分。股票注册截止日期是8月22日。它维持全年服务营收至少增长1％至3％和全年股息至少6.0分的预测。 若不包括今年2月完成脱售的网安公司D’Crypt，星和上半年净利…""], ""target_titles"": [""Archford Capital Strategies LLC Makes New $211,000 Investment in Kimberly-Clark Co. (NYSE:KMB) - WKRB News。Archford Capital Strategies LLC purchased a new stake in shares of Kimberly-Clark Co. (NYSE:KMB – Free Report) in the 2nd quarter, ac…"", ""The Honest Company, Inc. (NASDAQ:HNST) Director James D. White Sells 70,000 Shares - ETF Daily News。The Honest Company, Inc. (NASDAQ:HNST – Get Free Report) Director James D. White sold 70,000 shares of the company’s stock in a transaction…""]}, {""previous_date"": ""2024-08-13"", ""date"": ""2024-08-14"", ""source_block"": 60, ""target_block"": 150, ""pair_score"": 0.00401308615049073, ""previous_titles"": [""Earnings season shows consumer sentiment remains pessimistic。It’s hardly cause for celebration, but after the first week of profit results from our notoriously fickle cyclical industry sectors, including media, retail and building materials…"", ""Vodafone Idea Q1 net loss narrows to Rs 6,432 crore | Capital Market News - Business Standard。The telecom service provider's consolidated net loss narrowed to Rs 6,432.1 crore in Q1 FY25 as compared with Rs 7,840 crore reported in Q1 FY24.…""], ""target_titles"": [""Insider Selling: Alector, Inc. (NASDAQ:ALEC) Director Sells 10,500 Shares of Stock - Community Financial News。Alector, Inc. (NASDAQ:ALEC – Get Free Report) Director Paula Hammond sold 10,500 shares of the stock in a transaction dated Monday…"", ""International Business Machines Co. (NYSE:IBM) Shares Acquired by Gemmer Asset Management LLC - Community Financial News。Gemmer Asset Management LLC raised its stake in shares of International Business Machines Co. (NYSE:IBM – Free Report)…""]}]"
